Algorithm,Accuracy,Precision,Recall,F1-Score,ROC-AUC
Logistic Regression,0.999803497740224,0.9997967892704734,1.0,0.9998983843105376,0.9999915812767595
Random Forest,1.0,1.0,1.0,1.0,1.0
Isolation Forest,0.06602475928473177,0.6653465346534654,0.06829268292682927,0.12387096774193548,0.03414634146341464
Mini-Batch K-Means,0.10748673609746512,1.0,0.07682926829268293,0.14269535673839184,0.5384146341463415
